{"cameraMode":{"drawMode":0,"name":"Shaded","section":"Shading Mode"},"sceneLighting":true,"audioPlay":false,"sceneViewState":{"showFog":true,"showMaterialUpdate":false,"showSkybox":true,"showFlares":true,"showImageEffects":true,"showParticleSystems":true},"in2DMode":false,"pivot":{"x":-0.14356788992881776,"y":-0.014066942036151886,"z":-0.07860620319843292},"rotation":{"x":0.5526357293128967,"y":-0.44692882895469668,"z":-0.48235565423965456,"w":-0.5120513439178467},"size":0.8563486337661743,"orthographic":false}