{"cameraMode":{"drawMode":0,"name":"Shaded","section":"Shading Mode"},"sceneLighting":false,"audioPlay":false,"sceneViewState":{"showFog":true,"showMaterialUpdate":false,"showSkybox":false,"showFlares":true,"showImageEffects":true,"showParticleSystems":true},"in2DMode":false,"pivot":{"x":-0.029560580849647523,"y":-0.010709263384342194,"z":-0.01090209186077118},"rotation":{"x":0.1410556584596634,"y":0.8588893413543701,"z":-0.3428618013858795,"w":0.3533528447151184},"size":1.2322258949279786,"orthographic":false}